repo_nome,soma_loc,mediana_cbo,mediana_dit,mediana_lcom
facebook/react-native,66092,3.0,1.0,0.0
iluwatar/java-design-patterns,32279,3.0,1.0,0.0
MisterBooo/LeetCodeAnimation,78,1.0,1.0,0.0
macrozheng/mall,100874,3.0,1.0,13.0
spring-projects/spring-boot,165715,4.0,1.0,0.0
GrowingGit/GitHub-Chinese-Top-Charts,5,0.0,1.0,0.0
kdn251/interviews,5621,1.0,1.0,0.0
TheAlgorithms/Java,30688,2.0,1.0,1.0
spring-projects/spring-framework,673165,3.0,1.0,0.0
google/guava,259631,2.0,1.0,0.0
ReactiveX/RxJava,370187,1.0,1.0,0.0
NationalSecurityAgency/ghidra,1683113,4.0,1.0,1.0
square/retrofit,26753,3.0,1.0,0.0
apache/dubbo,217184,4.0,1.0,0.0
PhilJay/MPAndroidChart,21111,5.0,1.0,1.0
skylot/jadx,113093,3.0,1.0,0.0
jeecgboot/jeecg-boot,36251,4.0,1.0,0.0
eugenp/tutorials,409502,3.0,1.0,0.0
airbnb/lottie-android,16387,5.0,1.0,1.0
bumptech/glide,59879,4.0,1.0,0.0
dbeaver/dbeaver,434582,4.0,1.0,1.0
alibaba/arthas,40754,3.0,1.0,1.0
geekxh/hello-algorithm,61,1.0,1.0,0.0
Blankj/AndroidUtilCode,39929,2.0,1.0,0.0
netty/netty,316909,2.0,1.0,0.0
zxing/zxing,39779,4.0,2.0,0.0
xkcoding/spring-boot-demo,7163,4.0,1.0,0.0
krahets/hello-algo,3853,2.0,1.0,1.0
ityouknow/spring-boot-examples,4461,4.0,1.0,0.0
alibaba/easyexcel,20387,5.0,1.0,1.0
halo-dev/halo,33948,6.0,1.0,0.0
apolloconfig/apollo,27981,6.0,1.0,0.0
SeleniumHQ/selenium,80042,4.0,1.0,1.0
alibaba/nacos,121815,3.0,1.0,0.0
alibaba/druid,321750,4.0,2.0,0.0
dromara/hutool,118778,3.0,1.0,1.0
crossoverJie/JCSprout,4399,1.0,1.0,0.0
alibaba/canal,109330,4.0,1.0,1.0
alibaba/spring-cloud-alibaba,15351,5.0,1.0,0.0
lenve/vhr,2971,2.0,1.0,6.0
wuyouzhuguli/SpringAll,6031,4.0,1.0,0.0
apache/kafka,488841,4.0,1.0,0.0
JakeWharton/butterknife,7712,2.0,1.0,0.0
TeamNewPipe/NewPipe,39510,5.0,1.0,1.0
xuxueli/xxl-job,8607,3.0,1.0,0.0
proxyee-down-org/proxyee-down,3392,4.0,1.0,2.0
termux/termux-app,24090,4.0,1.0,0.0
greenrobot/EventBus,5269,3.0,1.0,0.0
scwang90/SmartRefreshLayout,19004,4.0,1.0,0.0
seata/seata,185827,5.0,1.0,3.0
signalapp/Signal-Android,210913,4.0,1.0,1.0
Netflix/Hystrix,62010,2.0,1.0,0.0
doocs/leetcode,3887,2.0,1.0,0.0
DrKLO/Telegram,1198907,3.0,1.0,0.0
google/gson,35424,2.0,1.0,0.0
apache/skywalking,77091,4.0,1.0,0.0
apache/flink,1097450,4.0,1.0,0.0
libgdx/libgdx,285980,3.0,1.0,0.0
redisson/redisson,145751,3.0,1.0,1.0
jenkinsci/jenkins,176393,4.0,2.0,0.0
alibaba/Sentinel,61563,3.0,1.0,0.0
bazelbuild/bazel,607657,5.0,1.0,1.0
google/ExoPlayer,262348,5.0,1.0,0.0
elunez/eladmin,7732,4.0,1.0,0.0
YunaiV/ruoyi-vue-pro,49430,5.0,1.0,0.0
ReactiveX/RxAndroid,1452,1.0,1.0,0.0
apache/rocketmq,185851,3.0,1.0,1.0
didi/DoKit,80443,2.0,1.0,0.0
EnterpriseQualityCoding/FizzBuzzEnterpriseEdition,859,2.0,1.0,0.0
oracle/graal,1555114,4.0,1.0,1.0
CarGuo/GSYVideoPlayer,30339,2.0,1.0,0.0
mybatis/mybatis-3,54553,2.0,1.0,0.0
apache/shardingsphere,180699,4.0,1.0,0.0
brettwooldridge/HikariCP,10652,3.0,1.0,0.0
Baseflow/PhotoView,1792,3.0,1.0,0.0
linlinjava/litemall,90884,3.0,1.0,1.0
dianping/cat,97994,4.0,1.0,1.0
OpenAPITools/openapi-generator,201961,3.0,1.0,0.0
yudaocode/SpringBoot-Labs,13510,4.0,1.0,0.0
forezp/SpringCloudLearning,1123,4.0,1.0,0.0
keycloak/keycloak,487338,4.0,1.0,1.0
iBotPeaches/Apktool,10926,6.0,1.0,3.0
facebook/fresco,67566,5.0,1.0,0.0
Tencent/tinker,39518,3.0,1.0,0.0
nostra13/Android-Universal-Image-Loader,7434,3.0,1.0,0.5
shuzheng/zheng,41742,3.0,1.0,0.0
winterbe/java8-tutorial,2081,1.0,1.0,0.0
openzipkin/zipkin,37510,5.0,1.0,1.0
LMAX-Exchange/disruptor,13157,3.0,1.0,0.0
Tencent/APIJSON,12290,2.0,1.0,5.0
JeffLi1993/springboot-learning-example,1641,3.5,1.0,0.0
medcl/elasticsearch-analysis-ik,2051,4.5,1.0,1.0
material-components/material-components-android,103382,4.0,1.0,1.0
android10/Android-CleanArchitecture,2260,4.0,1.0,1.0
dyc87112/SpringBoot-Learning,2790,4.0,1.0,0.0
williamfiset/Algorithms,32494,2.0,1.0,3.0
antlr/antlr4,40886,3.0,1.0,0.0
justauth/JustAuth,5385,2.0,1.0,6.0
prestodb/presto,70769,6.0,1.0,1.0
baomidou/mybatis-plus,28640,4.0,1.0,0.0
android-hacker/VirtualXposed,47736,2.0,2.0,0.0
hdodenhof/CircleImageView,360,5.0,2.0,0.0
heibaiying/BigData-Notes,2124,5.0,1.0,0.0
thingsboard/thingsboard,175999,5.0,1.0,0.0
alibaba/ARouter,3165,2.0,1.0,0.0
ben-manes/caffeine,75800,3.0,1.0,0.0
mockito/mockito,50703,2.0,1.0,0.0
Tencent/QMUI_Android,58309,3.0,1.0,0.0
alibaba/DataX,74940,3.0,1.0,0.0
YunaiV/yudao-cloud,33014,6.0,1.0,0.0
Konloch/bytecode-viewer,18936,3.0,1.0,0.0
dromara/Sa-Token,19566,3.0,1.0,1.0
apache/hadoop,1546171,4.0,1.0,0.0
zhisheng17/flink-learning,13941,3.0,1.0,0.0
eclipse-vertx/vert.x,130086,4.0,1.0,1.0
arduino/Arduino,25793,2.0,1.0,0.0
orhanobut/logger,827,6.0,1.0,0.0
elastic/logstash,35999,4.0,1.0,1.0
lgvalle/Material-Animations,1010,2.0,1.0,0.0
Curzibn/Luban,1088,1.0,1.0,1.0
Bigkoo/Android-PickerView,4421,2.0,1.0,0.0
google/tink,82491,5.0,1.0,1.0
kunal-kushwaha/DSA-Bootcamp-Java,6074,1.0,1.0,1.0
deeplearning4j/deeplearning4j,551042,7.0,2.0,8.0
apache/pulsar,465800,4.0,1.0,0.0
JessYanCoding/AndroidAutoSize,1720,4.0,1.0,1.0
seaswalker/spring-analysis,378,2.0,1.0,0.0
GoogleContainerTools/jib,34838,5.0,1.0,0.0
pinpoint-apm/pinpoint,353169,4.0,1.0,0.0
java-decompiler/jd-gui,19309,3.0,1.0,1.0
dataease/dataease,143343,3.0,1.0,0.0
Netflix/zuul,19735,4.0,1.0,1.0
apache/druid,652744,5.0,1.0,0.0
LuckSiege/PictureSelector,38944,2.0,1.0,0.0
facebookarchive/stetho,19224,3.0,1.0,0.0
sqshq/piggymetrics,1881,5.0,1.0,0.0
yuliskov/SmartTubeNext,169637,5.0,1.0,1.0
greenrobot/greenDAO,18545,4.0,1.0,1.0
youth5201314/banner,2713,5.0,2.0,1.0
zhihu/Matisse,3418,5.0,1.0,0.0
barry-ran/QtScrcpy,3875,2.0,1.0,0.0
daimajia/AndroidViewAnimations,965,2.0,2.0,0.0
macrozheng/mall-learning,29041,3.0,1.0,1.0
daimajia/AndroidSwipeLayout,2770,2.0,1.0,0.0
quarkusio/quarkus,589712,4.0,1.0,0.0
google/guice,79562,3.0,1.0,0.0
Netflix/eureka,32744,4.0,1.0,0.0
codecentric/spring-boot-admin,13659,6.0,1.0,0.0
theonedev/onedev,251959,4.0,1.0,0.0
LSPosed/LSPosed,22852,3.0,1.0,0.0
pagehelper/Mybatis-PageHelper,7156,6.0,1.0,0.0
neo4j/neo4j,582467,4.0,1.0,1.0
gyoogle/tech-interview-for-developer,636,1.0,1.0,0.0
Tencent/VasSonic,7421,2.0,1.0,0.0
Yalantis/uCrop,4643,3.0,1.0,1.0
apache/zookeeper,118331,3.0,1.0,0.0
DuGuQiuBai/Java,10840,0.0,1.0,0.0
janishar/mit-deep-learning-book-pdf,2,0.0,1.0,0.0
redis/jedis,61351,3.0,1.0,1.0
zaproxy/zaproxy,180645,3.0,1.0,1.0
pxb1988/dex2jar,41710,3.0,1.0,0.0
permissions-dispatcher/PermissionsDispatcher,3184,0.0,1.0,3.0
jfeinstein10/SlidingMenu,3085,3.0,1.0,0.0
androidannotations/androidannotations,28800,4.0,1.0,1.0
Tencent/matrix,79032,2.0,1.0,0.0
apache/dolphinscheduler,103918,5.0,1.0,0.0
code4craft/webmagic,8679,4.0,1.0,1.0
gyf-dev/ImmersionBar,7237,5.0,2.0,3.0
careercup/CtCI-6th-Edition,21093,2.0,1.0,1.0
H07000223/FlycoTabLayout,2730,3.0,1.0,1.0
lingochamp/FileDownloader,14387,2.0,1.0,1.0
mission-peace/interview,27259,2.0,1.0,1.0
alibaba/vlayout,14042,3.0,1.0,0.0
grpc/grpc-java,230606,3.0,1.0,0.0
macrozheng/mall-swarm,101020,3.0,1.0,13.0
android-async-http/android-async-http,7620,4.0,1.0,3.0
daniulive/SmarterStreaming,10750,2.0,1.0,0.0
jeasonlzy/okhttp-OkGo,13418,5.0,1.0,0.0
lipangit/JiaoZiVideoPlayer,4511,6.0,2.0,4.0
alibaba/COLA,5891,3.0,1.0,0.0
tbruyelle/RxPermissions,876,2.0,1.0,0.0
square/javapoet,7518,2.0,1.0,0.0
newbee-ltd/newbee-mall,3935,2.0,1.0,4.0
amitshekhariitbhu/android-interview-questions,5,0.0,1.0,0.0
apereo/cas,195307,8.0,1.0,0.0
jhy/jsoup,30101,3.0,1.0,1.0
JessYanCoding/MVPArms,5986,5.0,1.0,3.0
google/auto,30826,3.0,1.0,1.0
Netflix/conductor,46775,5.0,1.0,0.0
JakeWharton/ViewPagerIndicator,2947,5.5,3.0,0.0
metersphere/metersphere,270484,3.0,1.0,0.0
clojure/clojure,44086,0.0,1.0,0.0
supertokens/supertokens-core,67022,9.0,1.0,3.0
languagetool-org/languagetool,211427,4.0,1.0,1.0
TooTallNate/Java-WebSocket,14502,2.0,1.0,3.5
wasabeef/glide-transformations,991,5.0,2.0,0.0
doocs/jvm,5,0.0,1.0,0.0
cryptomator/cryptomator,14795,6.0,1.0,1.0
googlesamples/easypermissions,1705,8.0,1.0,6.0
YoKeyword/Fragmentation,8981,3.0,1.0,0.0
HarlonWang/AVLoadingIndicatorView,2161,2.0,1.0,0.0
OpenRefine/OpenRefine,66765,5.0,1.0,1.0
paascloud/paascloud-master,16428,4.0,1.0,0.0
ksoichiro/Android-ObservableScrollView,12621,3.0,2.0,0.0
Activiti/Activiti,151592,4.0,1.0,1.0
liaohuqiu/android-Ultra-Pull-To-Refresh,5476,2.0,1.0,0.0
hackware1993/MagicIndicator,4533,4.0,1.0,3.0
perwendel/spark,9588,3.0,1.0,0.0
asLody/VirtualApp,46624,2.0,2.0,0.0
umano/AndroidSlidingUpPanel,2011,2.0,1.0,0.0
bilibili/DanmakuFlameMaster,12879,3.0,1.0,1.0
lzyzsd/JsBridge,995,1.5,1.0,0.0
MyCATApache/Mycat-Server,92939,3.0,1.0,0.0
koral--/android-gif-drawable,2946,4.0,1.0,0.0
lihengming/spring-boot-api-project-seed,484,4.0,1.0,0.0
pockethub/PocketHub,6980,5.0,1.0,0.0
jwtk/jjwt,14052,4.0,1.0,0.0
stanfordnlp/CoreNLP,563022,3.0,1.0,0.0
debezium/debezium,154312,5.0,1.0,1.0
resilience4j/resilience4j,56001,6.0,1.0,1.0
navasmdc/MaterialDesignLibrary,2927,3.0,1.0,0.0
OpenFeign/feign,32762,3.0,1.0,0.0
crossoverJie/cim,7280,3.0,1.0,0.0
android/testing-samples,1809,6.0,1.0,0.0
Justson/AgentWeb,11378,3.0,1.0,0.0
GcsSloop/AndroidNote,402,1.0,1.0,3.0
kekingcn/kkFileView,5004,5.0,1.0,1.0
didi/VirtualAPK,7981,3.0,1.0,1.0
nathanmarz/storm,60552,3.0,1.0,1.0
laobie/StatusBarUtil,1036,3.0,1.0,0.0
huanghaibin-dev/CalendarView,11557,4.0,1.0,3.0
cats-oss/android-gpuimage,6341,2.0,2.0,0.0
chrisbanes/Android-PullToRefresh,3567,4.5,2.0,1.0
Freelander/Android_Data,116,2.0,1.0,3.0
plantuml/plantuml,184606,5.0,1.0,1.0
chrisjenx/Calligraphy,968,5.0,1.0,3.0
Blankj/awesome-java-leetcode,1772,2.0,1.0,1.0
firebase/quickstart-android,6665,3.0,1.0,0.0
facebook/buck,359933,5.0,1.0,1.0
ybq/Android-SpinKit,1812,5.0,2.0,1.0
junit-team/junit4,32915,3.0,1.0,0.0
KunMinX/Jetpack-MVVM-Best-Practice,3691,3.0,1.0,0.0
signalapp/Signal-Server,40460,4.0,1.0,0.0
roughike/BottomBar,2834,2.0,1.0,0.0
dropwizard/dropwizard,39592,4.0,1.0,0.0
ssssssss-team/spider-flow,8748,4.0,1.0,1.0
shwenzhang/AndResGuard,6506,2.0,1.0,1.5
airbnb/epoxy,43286,4.0,2.0,1.0
zhoutaoo/SpringCloud,3114,5.0,1.0,0.0
datahub-project/datahub,86679,8.0,1.0,1.0
amitshekhariitbhu/Android-Debug-Database,2393,4.0,1.0,0.0
json-path/JsonPath,16724,3.0,1.0,0.0
apache/cassandra,542849,4.0,1.0,1.0
florent37/MaterialViewPager,1616,3.0,1.0,0.0
react-native-image-picker/react-native-image-picker,906,4.0,1.0,0.0
hs-web/hsweb-framework,22631,4.0,1.0,0.0
awsdocs/aws-doc-sdk-examples,60314,5.0,1.0,1.0
alibaba/atlas,157514,4.0,1.0,1.0
SonarSource/sonarqube,378229,5.0,1.0,0.0
apache/shenyu,115623,4.0,1.0,1.0
seven332/EhViewer,44372,4.0,1.0,1.0
guolindev/LitePal,11830,3.0,1.0,0.0
java-native-access/jna,106424,3.0,2.0,0.0
PaperMC/Paper,163,5.0,1.0,3.0
spring-projects/spring-security,201247,5.0,1.0,0.0
apache/shardingsphere-elasticjob,7676,5.0,1.0,0.0
Netflix/SimianArmy,16056,4.0,1.0,3.0
google/tsunami-security-scanner,7733,5.0,1.0,0.0
sohutv/cachecloud,48349,2.0,1.0,0.0
JakeWharton/hugo,384,7.0,1.0,6.0
HannahMitt/HomeMirror,1719,2.0,1.0,0.0
ChrisRM/material-theme-jetbrains,14517,3.0,2.0,1.0
alibaba/otter,68151,3.0,1.0,1.0
zfile-dev/zfile,6839,4.0,1.0,0.0
barteksc/AndroidPdfViewer,3328,1.0,1.0,0.0
dropwizard/metrics,27586,4.0,1.0,0.0
aritraroy/UltimateAndroidReference,22,1.0,1.0,0.0
trello/RxLifecycle,2368,6.0,1.0,0.0
davemorrissey/subsampling-scale-image-view,4262,3.5,1.0,0.0
Tencent/Hippy,53805,3.0,1.0,0.0
facebook/litho,110277,4.0,1.0,0.0
kaushikgopal/RxJava-Android-Samples,2633,3.0,1.0,3.0
opensearch-project/OpenSearch,1061036,5.0,1.0,1.0
vipshop/vjtools,18382,2.0,1.0,1.0
LawnchairLauncher/lawnchair,117895,4.0,1.0,1.0
chat2db/Chat2DB,11532,4.0,1.0,0.0
gedoor/MyBookshelf,48096,4.0,1.0,1.0
koush/AndroidAsync,18086,2.0,1.0,0.0
lecho/hellocharts-android,10995,4.0,1.0,1.0
xiaojieonly/Ehviewer_CN_SXJ,56736,4.5,1.0,1.0
wildfirechat/im-server,152164,3.0,1.0,1.0
goldze/MVVMHabit,9110,2.0,1.0,0.0
flyway/flyway,23759,4.0,1.0,1.0
google/android-classyshark,8714,2.0,1.0,1.0
apache/jmeter,128054,4.0,2.0,3.0
testcontainers/testcontainers-java,25976,5.0,1.0,0.0
karatelabs/karate,40876,5.0,1.0,1.0
square/dagger,8043,3.0,1.0,0.0
kevin-wayne/algs4,21772,4.0,1.0,0.0
leolin310148/ShortcutBadger,885,5.0,1.0,1.0
Bearded-Hen/Android-Bootstrap,10389,3.0,1.0,2.0
swagger-api/swagger-core,37891,3.0,1.0,0.0
pedant/sweet-alert-dialog,943,1.5,1.0,0.0
dyc87112/SpringCloud-Learning,13492,4.0,1.0,1.0
li-xiaojun/XPopup,12344,3.0,1.0,0.0
google/agera,10897,4.0,1.0,0.0
cymcsg/UltimateRecyclerView,16083,3.0,1.0,0.0
crazycodeboy/TakePhoto,2403,2.0,1.0,1.0
Qihoo360/RePlugin,29883,3.0,1.0,0.0
geeeeeeeeek/WeChatLuckyMoney,931,3.0,1.0,1.0
abel533/Mapper,17841,4.0,1.0,0.0
apache/beam,666894,5.0,1.0,0.0
JakeWharton/ActionBarSherlock,26463,4.0,1.0,0.0
Tencent/Shadow,21817,3.0,1.0,0.0
TechEmpower/FrameworkBenchmarks,16210,4.0,1.0,0.0
google/closure-compiler,312792,5.0,1.0,1.0
ogaclejapan/SmartTabLayout,1912,4.0,1.0,1.0
Exrick/xmall,45293,3.0,1.0,13.0
lenve/VBlog,781,4.0,1.0,1.0
software-mansion/react-native-svg,13668,4.0,1.0,1.0
apache/tomcat,354141,3.0,1.0,1.0
NLPchina/elasticsearch-sql,27543,6.0,1.0,6.0
pentaho/pentaho-kettle,766236,2.0,1.0,0.0
gocd/gocd,276004,4.0,1.0,0.0
bytedeco/javacv,26821,4.0,1.0,1.0
naman14/Timber,21819,3.0,1.0,0.0
hongyangAndroid/okhttputils,1961,2.5,1.0,0.0
provectus/kafka-ui,18126,5.0,1.0,1.0
DroidPluginTeam/DroidPlugin,22301,2.0,3.0,0.0
alibaba/transmittable-thread-local,6932,5.0,1.0,1.0
flowable/flowable-engine,494932,4.0,1.0,1.0
twowaits/SDE-Interview-Questions,5,0.0,1.0,0.0
Graylog2/graylog2-server,202980,6.0,1.0,1.0
frohoff/ysoserial,3851,3.0,1.0,1.0
real-logic/aeron,102288,4.0,1.0,0.0
react-native-video/react-native-video,3756,3.0,1.0,0.0
NanoHttpd/nanohttpd,7106,3.0,1.0,1.0
hongyangAndroid/AndroidAutoLayout,2370,5.0,2.0,8.0
Angel-ML/angel,204252,5.0,2.0,0.0
zo0r/react-native-push-notification,1884,4.0,1.0,0.0
Meituan-Dianping/walle,4633,2.0,1.0,0.5
yanzhenjie/AndPermission,4486,3.0,1.0,0.0
markzhai/AndroidPerformanceMonitor,2234,3.0,1.0,0.0
google/error-prone,120750,4.0,1.0,0.0
zouzg/mybatis-generator-gui,3047,5.0,1.0,3.0
GrenderG/Toasty,487,3.0,1.0,0.0
rest-assured/rest-assured,28446,4.0,1.0,0.0
apache/storm,378339,3.0,1.0,1.0
guardianproject/haven,4561,4.0,1.0,1.0
mapstruct/mapstruct,88178,2.0,1.0,0.0
vinc3m1/RoundedImageView,1265,9.0,2.0,0.0
mrniko/netty-socketio,5941,3.0,1.0,0.0
rabbitmq/rabbitmq-tutorials,1343,4.0,1.0,1.0
processing/processing,109671,2.0,1.0,0.0
didi/KnowStreaming,31512,4.0,1.0,0.0
apache/seatunnel,100396,4.0,1.0,0.0
smuyyh/BookReader,30914,2.0,1.0,0.0
Alluxio/alluxio,219024,4.0,1.0,1.0
zendesk/android-floating-action-button,1078,3.0,1.0,0.0
NLPchina/ansj_seg,11856,4.0,1.0,0.0
MinecraftForge/MinecraftForge,64025,5.0,1.0,1.0
ArthurHub/Android-Image-Cropper,4655,4.0,1.0,0.0
alibaba/jvm-sandbox,14407,2.0,1.0,0.0
koush/ion,9443,3.0,1.0,0.0
Team-xManager/xManager,40177,1.0,1.0,0.0
wxiaoqi/Spring-Cloud-Platform,6014,3.0,1.0,0.0
h2pl/JavaTutorial,14,0.0,1.0,0.0
ximsfei/Android-skin-support,19377,5.0,1.0,1.0
beemdevelopment/Aegis,20464,5.0,1.0,1.0
sshahine/JFoenix,24546,4.0,1.0,1.0
527515025/springBoot,6250,4.0,1.0,0.0
AsyncHttpClient/async-http-client,28365,4.0,1.0,1.0
apache/zeppelin,194486,3.0,1.0,1.0
aa112901/remusic,47786,3.0,1.0,0.0
ikew0ng/SwipeBackLayout,1635,3.0,1.0,3.0
rengwuxian/MaterialEditText,3385,2.0,1.0,0.0
gzu-liyujiang/AndroidPicker,13187,3.0,1.0,0.0
ityouknow/spring-cloud-examples,390,4.0,1.0,0.0
cabaletta/baritone,21996,4.0,1.0,1.0
wasabeef/richeditor-android,804,2.0,1.0,0.0
Meituan-Dianping/Leaf,1305,1.5,1.0,0.0
daimajia/NumberProgressBar,380,0.5,1.0,0.0
joelittlejohn/jsonschema2pojo,14400,5.0,1.0,0.0
pedrovgs/EffectiveAndroidUI,1923,3.0,1.0,1.0
rey5137/material,27346,3.0,1.0,1.0
google/physical-web,7481,3.0,1.0,0.0
JesusFreke/smali,46762,4.0,1.0,1.0
singwhatiwanna/dynamic-load-apk,2620,3.0,1.0,0.0
macrozheng/springcloud-learning,1979,4.0,1.0,0.0
lightbend/config,13149,3.0,1.0,0.0
wyouflf/xUtils3,12561,3.0,1.0,2.0
amitshekhariitbhu/from-java-to-kotlin,37,0.5,1.0,0.0
antoniolg/androidmvp,274,2.0,1.0,0.0
microg/GmsCore,45546,4.0,2.0,0.0
graphql-java/graphql-java,59989,5.0,1.0,1.0
junit-team/junit5,80821,3.0,1.0,0.0
google/grafika,10035,5.0,2.0,0.0
prolificinteractive/material-calendarview,3658,4.0,1.0,0.0
getActivity/AndroidProject,20468,4.0,1.0,1.0
weibocom/motan,40613,4.0,1.0,1.0
springfox/springfox,32115,3.0,1.0,0.0
fuzhengwei/itstack-demo-design,3985,2.0,1.0,0.0
PowerJob/PowerJob,19449,4.0,1.0,0.0
haifengl/smile,96647,4.0,1.0,1.0
liyifeng1994/ssm,369,2.0,1.0,1.0
micronaut-projects/micronaut-core,149372,4.0,1.0,0.0
quartz-scheduler/quartz,34646,3.0,1.0,1.0
lets-blade/blade,15317,3.0,1.0,0.0
Nightonke/BoomMenu,7710,4.0,1.0,0.0
Devlight/InfiniteCycleViewPager,3564,3.0,2.0,0.0
JakeWharton/DiskLruCache,1937,2.5,1.0,3.0
springside/springside4,12842,2.0,1.0,1.0
raphw/byte-buddy,275493,4.0,1.0,0.0
wiremock/wiremock,44675,4.0,1.0,1.0
yarolegovich/DiscreteScrollView,3698,2.0,1.0,0.0
robolectric/robolectric,200332,4.0,1.0,0.0
dmytrodanylyk/circular-progress-button,1429,2.0,1.0,0.0
k0shk0sh/FastHub,40321,5.0,1.0,1.0
JakeWharton/u2020,4806,4.0,1.0,0.5
changmingxie/tcc-transaction,16459,4.0,1.0,1.0
jpush/aurora-imui,17788,2.5,1.0,0.0
daimajia/AndroidImageSlider,3813,2.0,1.0,1.0
jOOQ/jOOQ,255978,7.0,1.0,6.0
confluentinc/ksql,118139,5.0,1.0,0.0
Vedenin/useful-java-links,5967,2.0,1.0,0.0
amlcurran/ShowcaseView,2086,5.0,1.0,0.0
amitshekhariitbhu/Fast-Android-Networking,19596,2.0,1.0,1.0
hongyangAndroid/FlowLayout,810,3.0,1.0,0.0
nhaarman/ListViewAnimations,5697,5.0,2.0,0.0
knightliao/disconf,14009,3.0,1.0,0.0
hazelcast/hazelcast,1074358,4.0,1.0,1.0
huanghongxun/HMCL,57479,4.0,1.0,1.0
hibernate/hibernate-orm,898415,5.0,1.0,1.0
btraceio/btrace,39718,4.0,1.0,0.0
hanks-zyh/HTextView,3076,2.0,1.0,0.0
emilsjolander/StickyListHeaders,2112,3.0,1.0,0.0
yanzhenjie/SwipeRecyclerView,11090,3.0,1.0,0.0
journeyapps/zxing-android-embedded,5169,4.0,1.0,1.0
alibaba/freeline,5357,2.0,1.0,1.0
sockeqwe/mosby,17138,3.0,1.0,0.0
crazycodeboy/react-native-splash-screen,246,2.5,1.0,0.5
dm77/barcodescanner,2796,2.0,1.0,0.0
wasabeef/Blurry,636,3.5,1.0,0.0
facebookarchive/rebound,4095,2.0,1.0,0.0
gephi/gephi,125187,3.0,1.0,0.0
auth0/java-jwt,8898,3.5,1.0,1.0
Genymobile/gnirehtet,4330,2.0,1.0,1.0
apache/dubbo-spring-boot-project,1845,6.0,1.0,0.0
StarRocks/starrocks,473677,4.0,1.0,0.0
ffay/lanproxy,2668,3.0,1.0,0.0
Evernote/android-job,10693,4.0,1.0,1.0
Nepxion/Discovery,25146,4.0,1.0,1.0
scribejava/scribejava,12671,3.0,1.0,1.0
jgilfelt/SystemBarTint,807,7.0,2.0,1.0
alipay/SoloPi,56327,2.0,1.0,0.0
AriaLyy/Aria,42723,4.0,1.0,1.0
jeremylong/DependencyCheck,40090,5.0,2.0,3.0
vavr-io/vavr,64440,5.0,1.0,1.0
wuhaoyu1990/MagicCamera,14543,3.0,1.0,0.0
XRecyclerView/XRecyclerView,5151,2.0,1.0,0.0
commonsguy/cw-omnibus,71119,4.0,2.0,0.0
evant/gradle-retrolambda,623,3.0,1.0,0.0
motianhuo/wechat,34426,3.0,1.0,0.0
TommyLemon/Android-ZBLibrary,14721,3.0,1.0,0.0
KeepSafe/TapTargetView,1948,2.0,1.0,0.0
h6ah4i/android-advancedrecyclerview,20692,4.0,2.0,0.0
danikula/AndroidVideoCache,3217,3.0,1.0,1.0
yixia/VitamioBundle,6501,3.0,1.0,0.0
facebookarchive/shimmer-android,885,9.0,2.0,10.0
lucasr/twoway-view,3688,4.0,1.0,1.0
thinkaurelius/titan,71163,3.0,1.0,1.0
Clans/FloatingActionButton,2805,2.0,1.0,0.0
xxv/android-lifecycle,481,7.5,2.0,190.0
Karumi/Dexter,2197,3.0,1.0,0.0
Yalantis/Side-Menu.Android,449,2.0,1.0,0.0
LandGrey/SpringBootVulExploit,258,3.0,1.0,0.0
socketio/socket.io-client-java,5646,1.0,1.0,0.0
square/otto,1987,1.0,1.0,0.0
baidu/uid-generator,873,1.0,1.0,1.0
mybatis/generator,72610,5.0,2.0,3.0
google/google-java-format,12430,3.5,1.0,1.0
AntennaPod/AntennaPod,47528,5.0,1.0,1.0
ElderDrivers/EdXposed,71794,4.0,1.0,1.0
dromara/lamp-cloud,9646,7.0,1.0,0.0
Snoopy1866/LiTiaotiao-Custom-Rules,342,0.0,1.0,0.0
careercup/ctci,11244,2.0,1.0,1.0
lettuce-io/lettuce-core,82224,4.0,1.0,0.0
apache/hive,2021309,4.0,1.0,1.0
google/google-authenticator,3935,2.0,1.0,1.0
pig-mesh/pig,7297,6.0,1.0,0.0
CatVodTVOfficial/TVBoxOSC,22428,3.0,1.0,0.0
apache/camel,1628643,3.0,1.0,0.0
Jasonchenlijian/FastBle,4713,2.0,1.0,0.0
razerdp/BasePopup,28287,3.0,1.0,1.0
huangyanbin/smartTable,14165,2.0,1.0,0.0
wequick/Small,7726,2.0,1.0,0.0
hustcc/JS-Sorting-Algorithm,389,3.0,1.0,0.5
Trinea/android-common,6671,3.0,1.0,1.0
alibaba/UltraViewPager,1518,2.0,1.0,0.0
orhanobut/dialogplus,1047,3.0,1.0,0.0
frogermcs/InstaMaterial,2223,2.0,1.0,0.0
lingochamp/okdownload,18986,4.0,1.0,0.0
spring-attic/spring-mvc-showcase,1281,5.0,1.0,0.0
youtube/api-samples,2541,7.0,1.0,0.0
yipianfengye/android-zxingLibrary,2018,3.0,1.0,0.0
WeiYe-Jing/datax-web,13801,3.0,1.0,0.0
rubensousa/GravitySnapHelper,610,4.5,1.5,1.0
apache/hbase,914920,5.0,1.0,1.0
apache/groovy,192174,3.0,1.0,1.0
amitshekhariitbhu/RxJava2-Android-Samples,3992,2.0,1.0,0.0
DingMouRen/LayoutManagerGroup,2285,3.0,2.0,0.0
Devlight/NavigationTabBar,2538,2.0,1.0,0.5
traex/RippleEffect,504,2.0,1.0,0.0
JanusGraph/janusgraph,99804,4.0,1.0,1.0
JodaOrg/joda-time,91523,6.0,2.0,10.0
CodingDocs/springboot-guide,1522,3.0,1.0,0.0
ZHENFENG13/spring-boot-projects,2606,3.0,1.0,1.0
Ramotion/folding-cell-android,812,2.0,1.0,0.0
OpenTSDB/opentsdb,103599,4.0,1.0,0.0
spring-projects/spring-data-examples,50464,2.0,1.0,0.0
javaparser/javaparser,120454,5.0,1.0,1.0
android/views-widgets-samples,7344,2.0,1.0,0.0
andkulikov/Transitions-Everywhere,9485,5.0,1.0,0.0
mcxiaoke/packer-ng-plugin,1776,2.0,1.0,1.0
youlookwhat/CloudReader,19378,3.0,1.0,0.0
claritylab/lucida,23221,4.0,1.0,1.0
deathmarine/Luyten,6750,1.0,1.0,0.0
sofastack/sofa-boot,30783,3.0,1.0,0.0
coobird/thumbnailator,19559,2.0,1.0,0.0
apache/pinot,386789,5.0,1.0,1.0
spring-cloud/spring-cloud-netflix,7477,6.0,1.0,0.0
obsidiandynamics/kafdrop,3986,3.0,1.0,0.0
saiwu-bigkoo/Android-ConvenientBanner,848,3.0,1.0,1.0
etsy/AndroidStaggeredGrid,4010,3.0,1.5,0.5
apache/iceberg,266220,6.0,1.0,1.0
PojavLauncherTeam/PojavLauncher,23321,3.0,1.0,1.0
Javen205/IJPay,13725,5.0,1.0,0.0
meefik/linuxdeploy,2693,5.0,2.0,3.0
web3j/web3j,38550,2.0,1.0,0.0
jankotek/mapdb,20198,2.0,1.0,0.0
google/cameraview,2983,3.0,1.0,0.0
natario1/CameraView,21155,3.0,1.0,0.0
hongyangAndroid/baseAdapter,1563,3.0,1.0,0.0
pardom-zz/ActiveAndroid,3158,3.0,2.0,3.0
TeamAmaze/AmazeFileManager,32067,4.0,1.0,0.0
jeecgboot/JimuReport,104,4.5,1.0,0.5
gabrielemariotti/cardslib,32257,4.0,1.0,0.0
Doikki/DKVideoPlayer,18446,2.0,1.0,0.0
nisrulz/android-tips-tricks,22,1.0,1.0,0.0
reactive-streams/reactive-streams-jvm,15738,3.0,1.0,0.0
2227324689/gpmall,8865,3.0,1.0,0.0
getActivity/XXPermissions,4528,3.0,1.0,0.0
opengoofy/hippo4j,27550,3.0,1.0,0.0
spring-attic/spring-security-oauth,35204,4.0,1.0,0.0
bitcoinj/bitcoinj,47822,4.0,1.0,0.0
wdullaer/MaterialDateTimePicker,7536,5.0,1.0,1.0
kyleduo/SwitchButton,1549,2.0,1.0,0.0
reactor/reactor-core,193343,7.0,1.0,1.0
jgilfelt/chuck,1698,4.0,1.0,0.5
vespa-engine/vespa,665917,4.0,1.0,1.0
react-native-linear-gradient/react-native-linear-gradient,488,4.0,1.0,1.0
orientechnologies/orientdb,478379,5.0,1.0,1.0
zhanglei-workspace/shopping-management-system,5353,3.0,1.0,3.0
roncoo/roncoo-pay,19910,3.0,1.0,3.0
citerus/dddsample-core,4689,4.5,1.0,0.0
luggit/react-native-config,428,4.0,1.0,1.0
techGay/v9porn,24718,3.0,1.0,0.0
JSQLParser/JSqlParser,33346,3.0,1.0,1.0
brianfrankcooper/YCSB,22046,3.0,1.0,0.0
square/sqlbrite,3329,2.0,1.0,0.0
jetlinks/jetlinks-community,42849,6.0,1.0,0.0
hansonwang99/Spring-Boot-In-Action,2714,3.0,1.0,0.0
j-easy/easy-rules,4857,4.0,1.0,1.0
danielzeller/Depth-LIB-Android-,3771,2.0,1.0,0.0
chentao0707/SimplifyReader,34709,2.0,1.0,0.0
jdamcd/android-crop,1676,1.0,1.0,0.0
Flipboard/bottomsheet,2578,3.0,1.0,0.0
firebase/FirebaseUI-Android,13829,7.0,1.0,1.0
apache/ignite,1125645,3.0,1.0,0.0
zhanghai/Douya,44631,4.0,1.0,1.0
puniverse/quasar,52770,2.0,1.0,0.0
xuexiangjys/XUI,90921,3.0,1.0,1.0
JakeWharton/NineOldAndroids,7585,2.0,1.0,0.0
javagrowing/JGrowing,329,1.0,1.0,1.0
spring-projects/spring-authorization-server,26719,7.0,1.0,1.0
apache/hudi,213273,6.0,1.0,1.0
ververica/flink-cdc-connectors,49360,4.0,1.0,0.0
castorflex/SmoothProgressBar,2208,3.0,1.0,0.0
alibaba/dexposed,2414,2.0,1.0,0.0
apache/rocketmq-externals,9956,4.0,1.0,0.0
HotBitmapGG/bilibili-android-client,38892,3.0,1.0,3.0
Netflix/ribbon,21788,2.0,1.0,0.0
CellularPrivacy/Android-IMSI-Catcher-Detector,12171,3.0,1.0,0.0
square/android-times-square,2286,4.0,1.0,0.0
tuguangquan/mybatis,39118,2.0,1.0,0.0
janishar/android-mvp-architecture,4049,3.0,1.0,0.0
yasserg/crawler4j,4736,4.0,1.0,1.0
remkop/picocli,95117,2.0,1.0,0.0
pmd/pmd,118158,4.0,2.0,1.0
bisq-network/bisq,171341,4.0,1.0,1.0
line/armeria,245478,5.0,1.0,0.0
ZhongFuCheng3y/austin,5889,5.0,1.0,0.0
Heeexy/SpringBoot-Shiro-Vue,633,6.0,1.0,0.0
querydsl/querydsl,98628,3.0,1.0,0.0
rstudio/rstudio,220189,2.0,1.0,0.0
cjlin1/libsvm,3152,1.5,1.0,0.0
Tencent/GT,55246,2.0,1.0,0.0
Ashok-Varma/BottomNavigation,2091,5.5,1.0,4.5
LWJGL/lwjgl3,878833,6.0,2.0,66.0
alibaba/jetcache,17476,4.0,1.0,0.0
Meituan-Dianping/Robust,2953,2.0,1.0,3.5
Fuzion24/JustTrustMe,556,1.5,1.0,0.0
react-native-webrtc/react-native-webrtc,3718,3.0,1.0,0.0
stleary/JSON-java,10647,1.0,1.0,1.0
robinhood/ticker,1581,4.0,1.0,0.0
zfdang/Android-Touch-Helper,2257,3.0,1.0,0.0
airbnb/DeepLinkDispatch,8549,5.0,1.0,0.0
azkaban/azkaban,93837,4.0,1.0,1.0
traccar/traccar,64909,4.0,2.0,0.0
DiUS/java-faker,6710,4.0,1.0,0.0
201206030/novel,4417,2.0,1.0,0.0
mcxiaoke/android-volley,4965,3.0,1.0,0.0
bingoogolapple/BGARefreshLayout-Android,5450,3.0,1.0,1.0
nayuki/QR-Code-generator,1825,3.0,1.0,1.0
phishman3579/java-algorithms-implementation,31758,3.0,1.0,0.0
graphhopper/graphhopper,94481,4.0,1.0,0.0
chewiebug/GCViewer,20257,4.0,1.0,1.0
alibaba/QLExpress,12251,3.0,1.0,0.0
runelite/runelite,212589,3.0,1.0,0.0
jeasonlzy/ImagePicker,3685,3.0,1.0,0.0
aporter/coursera-android,18164,4.0,1.0,0.0
mock-server/mockserver,65134,5.0,1.0,1.0
NekoX-Dev/NekoX,1098115,3.0,1.0,0.0
JZ-Darkal/AndroidHttpCapture,15905,3.0,1.0,0.0
jagrosh/MusicBot,3739,6.0,3.0,1.0
zlt2000/microservices-platform,8526,5.0,1.0,0.0
mik3y/usb-serial-for-android,7153,6.0,1.0,1.0
objectbox/objectbox-java,21962,4.0,1.0,0.0
grantland/android-autofittextview,470,4.0,1.0,1.5
fuzhengwei/small-spring,10379,2.0,1.0,0.0
CalebFenton/simplify,21150,7.0,1.0,0.0
tiann/epic,5127,3.0,1.0,1.0
dreamhead/moco,17382,5.0,1.0,1.0
ChadCSong/ShineButton,988,2.0,1.0,0.0
CaffeineMC/sodium-fabric,13705,4.0,1.0,1.0
codingapi/tx-lcn,7772,4.0,1.0,0.0
baomidou/dynamic-datasource,3901,4.0,1.0,0.0
bytedeco/javacpp,26029,4.0,2.0,0.0
ongakuer/CircleIndicator,1712,5.0,2.0,1.0
hugeterry/CoordinatorTabLayout,473,3.0,1.0,0.0
Jacksgong/JKeyboardPanelSwitch,1736,3.0,1.0,0.0
spring-cloud/spring-cloud-gateway,35930,5.0,1.0,1.0
apache/shiro,36276,3.0,1.0,1.0
saysky/ForestBlog,2437,3.0,1.0,0.0
hussien89aa/AndroidTutorialForBeginners,3957,4.0,1.0,0.0
ThirtyDegreesRay/OpenHub,24549,4.0,1.0,1.0
bingoogolapple/BGABanner-Android,2123,3.0,2.0,1.0
brianway/java-learning,10984,1.0,1.0,0.0
baoyachi/StepView,906,7.0,2.0,0.0
oshi/oshi,31481,4.0,1.0,1.0
pedrovgs/AndroidWiFiADB,1096,2.0,1.0,0.0
yhaolpz/FloatWindow,1473,2.0,1.0,1.0
GeyserMC/Geyser,44271,6.0,2.0,1.0
DerekYRC/mini-spring,2472,2.0,1.0,0.0
Freeyourgadget/Gadgetbridge,134269,3.0,1.0,0.0
alibaba/Tangram-Android,24338,3.0,1.0,0.0
micrometer-metrics/micrometer,68332,4.0,1.0,0.0
youlookwhat/DesignPattern,2603,2.0,1.0,0.0
killbill/killbill,147917,6.0,1.0,1.0
eirslett/frontend-maven-plugin,2936,3.0,1.0,1.0
dinuscxj/LoadingDrawable,4428,4.0,1.0,1.0
Manabu-GT/ExpandableTextView,552,4.0,1.0,0.0
powermock/powermock,32976,2.0,1.0,0.0
rubensousa/ViewPagerCards,240,6.0,2.0,0.0
dromara/hmily,27448,4.0,1.0,0.0
liquibase/liquibase,93867,4.0,2.0,3.0
tianshiyeben/wgcloud,6105,3.0,1.0,21.0
Yalantis/Phoenix,976,2.5,1.0,0.0
strimzi/strimzi-kafka-operator,125349,7.0,1.0,1.0
jeequan/jeepay,16505,7.0,2.0,0.0
apache/calcite,329682,5.0,1.0,1.0
oblac/jodd,26882,3.0,1.0,0.0
PhilippC/keepass2android,66827,3.0,1.0,1.0
apache/iotdb,450296,5.0,1.0,1.0
makovkastar/FloatingActionButton,1014,3.0,2.0,1.0
luckybilly/CC,4599,4.0,1.0,0.0
BoltsFramework/Bolts-Android,5144,2.0,1.0,0.0
apache/nifi,324685,3.0,1.0,1.0
qstumn/BadgeView,1759,2.0,1.0,0.0
lcodecorex/TwinklingRefreshLayout,6273,2.0,1.0,0.0
failsafe-lib/failsafe,10026,6.0,1.0,1.0
rubenlagus/TelegramBots,17942,7.0,1.0,0.0
gz-yami/mall4j,6706,4.0,1.0,0.0
oracle/opengrok,69054,3.0,1.0,1.0
xcltapestry/XCL-Charts,23397,3.0,1.0,4.0
981011512/--,26884,3.0,1.0,6.0
oldmanpushcart/greys-anatomy,10774,3.0,1.0,0.0
rengwuxian/RxJavaSamples,1001,3.0,1.0,0.0
zq2599/blog_demos,51934,3.0,1.0,0.0
orhanobut/hawk,834,2.0,1.0,1.0
jitsi/jitsi,196461,3.0,1.0,0.0
will-che/flink-recommandSystem-demo,1835,3.0,1.0,1.0
Piasy/BigImageViewer,2513,3.0,1.0,1.0
microsoft/malmo,19130,5.0,2.0,1.0
code4craft/tiny-spring,1543,2.0,1.0,0.0
alibaba/jstorm,296316,4.0,1.0,1.0
jindrapetrik/jpexs-decompiler,280316,3.0,1.0,1.0
killme2008/aviatorscript,36324,4.0,1.0,1.0
JoanZapata/android-iconify,909,3.0,1.0,1.0
google/open-location-code,2250,3.0,1.0,0.0
osmandapp/OsmAnd,606337,4.0,1.0,1.0
pqpo/SmartCropper,1004,3.0,1.0,0.0
jboss-javassist/javassist,82714,1.0,1.0,0.0
bluelinelabs/Conductor,5369,3.0,1.0,0.0
binIoter/GuideView,1246,2.0,1.0,1.0
discord-jda/JDA,54847,6.0,1.0,3.0
apache/dubbo-admin,9864,2.0,1.0,1.0
databricks/learning-spark,2295,2.0,1.0,0.0
ant-media/Ant-Media-Server,80838,2.0,1.0,1.0
aurelhubert/ahbottomnavigation,2339,2.0,1.0,0.0
h2database/h2database,228530,4.0,2.0,3.0
qunarcorp/bistoury,73638,3.0,1.0,1.0
apache/maven,70201,4.0,1.0,1.0
zzhoujay/RichText,5185,2.0,1.0,0.0
LSPosed/LSPatch,7008,2.0,1.0,0.0
kestra-io/kestra,26373,6.0,1.0,0.0
kkevsekk1/AutoX,51730,3.0,1.0,1.0
MiguelCatalan/MaterialSearchView,1361,2.0,1.0,1.0
ddd-by-examples/library,1770,5.0,1.0,0.0
ikarus23/MifareClassicTool,6598,9.0,3.0,3.0
lzyzsd/CircleProgress,1451,6.0,2.0,1.0
roboguice/roboguice,74026,3.0,1.0,0.0
zendesk/maxwell,17509,4.0,1.0,0.0
jacoco/jacoco,33936,3.0,1.0,0.0
crate/crate,437416,5.0,1.0,1.0
rovo89/XposedInstaller,8980,2.0,1.0,0.0
AlmasB/FXGL,31730,3.0,1.0,1.0
amirzaidi/Launcher3,60130,3.0,1.0,0.0
lygttpod/SuperTextView,4002,2.0,1.0,0.0
sofastack/sofa-rpc,68457,3.0,1.0,0.0
timehop/sticky-headers-recyclerview,808,2.0,1.0,0.0
sunfusheng/MarqueeView,804,4.0,1.0,0.0
DTStack/chunjun,92835,4.0,1.0,1.0
linyiqun/DataMiningAlgorithm,11663,2.0,1.0,0.0
willowtreeapps/spruce-android,4269,3.0,1.0,0.0
andOTP/andOTP,8443,3.0,1.0,0.0
yanzhenjie/NoHttp,8428,3.0,1.0,1.0
Exrick/xboot,10265,6.0,1.0,0.0
diffplug/spotless,33067,4.0,1.0,1.0
stylefeng/Guns,328,6.0,1.0,0.0
knowm/XChange,156609,4.0,1.0,0.0
jbloch/effective-java-3e-source-code,3018,1.0,1.0,0.0
ryanhoo/StylishMusicPlayer,5777,3.0,1.0,0.0
Ereza/CustomActivityOnCrash,893,4.0,1.0,0.0
yangfuhai/ASimpleCache,1993,2.0,1.0,0.0
mpusher/mpush,15032,3.0,1.0,1.0
lilishop/lilishop,41343,5.0,1.0,0.0
tonikelope/megabasterd,19900,1.0,1.0,0.0
JavaNoober/BackgroundLibrary,8029,4.0,1.0,0.0
TheoKanning/openai-java,1948,3.0,1.0,0.0
logisim-evolution/logisim-evolution,156144,4.0,2.0,1.0
CameraKit/blurkit-android,497,5.0,1.0,0.0
JeremyLiao/LiveEventBus,7782,2.0,1.0,0.0
648540858/wvp-GB28181-pro,31259,5.0,1.0,1.0
promeG/TinyPinyin,1399,1.0,1.0,0.0
Atmosphere/atmosphere,41883,4.0,1.0,1.0
pytorch/serve,15022,2.0,1.0,3.0
apache/incubator-heron,70465,4.0,1.0,1.0
eclipse/jetty.project,400078,3.0,1.0,0.0
google/rejoiner,3566,5.0,1.0,0.0
stfalcon-studio/ChatKit,4680,3.0,2.0,0.0
litesuits/android-common,6519,2.0,1.0,1.0
wendux/DSBridge-Android,1841,2.0,1.0,0.0
rockerhieu/emojicon,2971,4.0,1.0,0.0
Docile-Alligator/Infinity-For-Reddit,99613,4.0,1.0,1.0
mcxtzhang/SwipeDelMenuLayout,1085,2.0,1.0,0.0
fishercoder1534/Leetcode,119779,1.0,1.0,0.0
tyrantgit/ExplosionField,343,2.0,1.5,0.0
ethanhua/Skeleton,752,3.0,1.0,0.0
lisawray/groupie,3898,3.0,1.0,0.0
dongjunkun/DropDownMenu,513,3.0,1.0,0.0
liuyubobobo/Play-with-Algorithms,5287,2.0,1.0,0.0
kikoso/android-stackblur,933,0.0,1.0,0.0
IoT-Technology/IoT-Technical-Guide,5235,3.0,1.0,0.0
nextcloud/android,57875,4.0,1.0,0.0
KunMinX/Linkage-RecyclerView,2552,5.0,1.0,1.0
johncarl81/parceler,10156,3.0,1.0,0.0
dunwu/db-tutorial,7940,4.0,1.0,0.0
MovingBlocks/Terasology,111986,4.0,1.0,0.0
linkedin/databus,124341,3.0,1.0,0.0
nytimes/Store,11288,5.0,1.0,1.0
charles2gan/GDA-android-reversing-Tool,567,2.5,1.0,0.0
JakeWharton/ThreeTenABP,117,4.0,1.0,0.0
bilibili/MagicaSakura,5367,7.5,2.0,3.0
Sayi/poi-tl,22709,4.0,1.0,0.0
arimorty/floatingsearchview,4170,2.0,1.0,0.0
davideas/FlexibleAdapter,15853,4.0,1.0,1.0
lsjwzh/RecyclerViewPager,2735,2.0,1.0,0.0
luontola/retrolambda,4848,1.0,1.0,0.0
awaitility/awaitility,5233,1.0,1.0,0.0
jMonkeyEngine/jmonkeyengine,193864,3.0,1.0,0.0
vaticle/typedb,83042,6.0,1.0,1.0
apache/kylin,128079,3.0,1.0,1.0
dropbox/hackpad,87731,3.0,1.0,1.0
camunda/camunda-bpm-platform,527719,4.0,1.0,1.0
ByteLegend/ByteLegend,104032,7.0,1.0,20.0
VaughnVernon/IDDD_Samples,28475,3.0,1.0,5.0
dromara/hertzbeat,27252,4.0,1.0,0.0
RipMeApp/ripme,19824,4.0,2.0,3.0
code4craft/netty-learning,68759,4.0,1.0,1.0
andremion/Music-Player,926,3.5,2.0,0.5
baoyongzhang/SwipeMenuListView,1347,2.0,1.0,1.0
networknt/light-4j,61482,3.0,1.0,0.0
WVector/AppUpdate,2925,3.0,1.0,1.0
google/data-transfer-project,27016,4.0,1.0,0.0
angryip/ipscan,12563,3.0,1.0,0.0
codeestX/GeekNews,11939,2.0,1.0,0.0
googlemaps/android-maps-utils,12047,5.0,1.0,1.0
deepjavalibrary/djl,79687,5.0,1.0,2.5
yanzhenjie/AndServer,12029,3.0,1.0,1.0
xcc3641/SeeWeather,3101,3.0,1.0,1.0
tronprotocol/java-tron,138895,7.0,1.0,1.0
vert-x3/vertx-examples,9509,4.0,2.0,1.0
openhab/openhab1-addons,359292,3.0,1.0,0.0
s4kibs4mi/java-developer-roadmap,5,0.0,1.0,0.0
hmkcode/Android,1387,5.0,2.0,1.0
guolindev/giffun,22397,3.0,1.0,1.0
undertow-io/undertow,157323,3.0,1.0,0.0
apache/incubator-streampark,15331,4.5,1.0,0.0
crossoverJie/SSM,12864,2.0,1.0,2.0
spockframework/spock,21678,3.0,1.0,1.0
sherxon/AlgoDS,21217,1.0,1.0,0.0
react-native-share/react-native-share,1749,3.0,2.0,8.0
KingJA/LoadSir,1481,3.0,1.5,0.0
yigit/android-priority-jobqueue,14102,3.0,1.0,0.0
ittianyu/BottomNavigationViewEx,1371,3.0,1.0,0.0
alamkanak/Android-Week-View,2003,2.0,1.0,0.0
alibaba/Alink,457998,5.0,1.0,0.0
uber/NullAway,18564,2.0,1.0,0.0
shuzijun/leetcode-editor,13230,4.0,1.0,0.0
avast/android-butterknife-zelezny,1626,3.0,1.0,0.0
rubensousa/PreviewSeekBar,1166,2.0,1.0,1.0
huburt-Hu/NewbieGuide,1896,3.0,1.0,0.0
fyhertz/libstreaming,6798,2.0,1.0,0.0
CeuiLiSA/Pixiv-Shaft,36538,3.0,1.0,0.0
dingjikerbo/Android-BluetoothKit,8347,2.0,1.0,0.0
GitLqr/LQRWeChat,17612,2.0,1.0,1.0
abel533/MyBatis-Spring-Boot,396,4.5,1.0,0.0
javastacks/spring-boot-best-practice,1874,4.0,1.0,0.0
allure-framework/allure2,7796,4.0,1.0,1.0
spring-cloud/spring-cloud-kubernetes,20067,6.0,1.0,0.0
watabou/pixel-dungeon,38623,4.0,2.0,1.0
FasterXML/jackson-databind,152613,2.0,1.0,0.0
lenve/JavaEETest,2133,3.0,1.0,0.0
JCTools/JCTools,34705,3.0,2.0,0.0
anggrayudi/android-hidden-api,480,8.5,1.0,0.5
ivacf/archi,2029,3.5,1.0,0.0
google/volley,9295,2.0,1.0,0.0
geoserver/geoserver,715380,5.0,1.0,1.0
iammert/ScalingLayout,631,2.0,1.0,0.0
luojilab/DDComponentForAndroid,1449,2.0,1.0,0.0
uber/AutoDispose,5399,5.0,1.0,1.0
immutables/immutables,67698,3.0,1.0,0.0
pingfangushi/screw,3941,3.0,1.0,0.0
bitcoin-wallet/bitcoin-wallet,18169,4.0,1.0,0.0
ZHENFENG13/My-Blog,2411,3.0,1.0,5.0
jtablesaw/tablesaw,47824,4.0,1.0,1.0
sofastack/sofa-jraft,145573,3.0,1.0,1.0
shekhargulati/99-problems,2057,2.0,1.0,0.0
Snailclimb/guide-rpc-framework,1560,4.0,1.0,0.0
dariuszseweryn/RxAndroidBle,14992,3.0,1.0,0.0
zhpanvip/BannerViewPager,3138,3.0,1.0,0.0
actorapp/actor-platform,134425,3.0,1.0,0.0
kevinsawicki/http-request,4876,2.0,1.0,0.0
MuntashirAkon/AppManager,109643,5.0,1.0,1.0
chenBingX/SuperTextView,4733,2.0,1.0,0.0
WritingMinds/ffmpeg-android-java,1306,1.0,1.0,1.0
trojan-gfw/igniter,6122,2.0,1.0,0.0
phodal/migration,101,1.0,1.0,0.0
woxingxiao/BubbleSeekBar,1958,2.0,1.0,1.0
nining377/dolby_beta,7301,4.0,1.0,1.0
java-aodeng/hope-boot,2870,4.0,1.0,0.0
UnevenSoftware/LeafPic,13594,3.0,1.0,1.0
eleme/UETool,4165,4.0,1.0,0.0
eishay/jvm-serializers,31287,5.0,1.0,1.0
exadel-inc/CompreFace,7766,6.0,1.0,0.0
shopizer-ecommerce/shopizer,53569,4.0,1.0,2.0
tangqi92/Android-Tips,177,0.0,1.0,1.0
ragunathjawahar/android-saripaar,4723,3.0,2.0,0.0
hneemann/Digital,75589,4.0,1.0,0.0
BelooS/ChipsLayoutManager,6101,3.5,1.0,0.0
Red5/red5-server,60635,3.0,1.0,1.0
aragozin/jvm-tools,33602,3.0,1.0,0.0
Mojang/brigadier,4037,5.0,1.0,0.0
bluelinelabs/LoganSquare,6892,3.0,1.0,0.0
201206030/novel-plus,14633,3.0,1.0,0.0
jfinal/jfinal,32690,3.0,1.0,1.0
pengjianbo/GalleryFinal,7997,3.0,1.0,1.0
spring-io/initializr,29615,4.0,1.0,1.0
Dimezis/BlurView,708,2.5,1.0,2.0
alibaba/cobar,63193,3.0,1.0,1.0
RoaringBitmap/RoaringBitmap,72301,5.0,1.0,1.0
daimajia/AndroidViewHover,712,2.0,1.0,1.0
google/bundletool,51397,7.0,1.0,6.0
bauerca/drag-sort-listview,4301,2.0,1.0,0.0
bilibili/boxing,5910,4.0,1.0,1.0
guoguibing/librec,30216,6.0,2.0,1.0
gouthampradhan/leetcode,19926,2.0,1.0,1.0
rememberber/WePush,22368,3.0,1.0,1.0
android-notes/Cockroach,1562,3.0,1.0,0.0
facebookarchive/network-connection-class,650,2.5,1.0,0.0
amitshekhariitbhu/PRDownloader,4709,1.0,1.0,0.0
zzz40500/GsonFormat,5684,1.0,1.0,0.0
Skykai521/StickerCamera,14361,2.0,1.0,0.0
spotbugs/spotbugs,208518,1.0,1.0,0.0
amulyakhare/TextDrawable,824,3.0,1.0,0.0
chrisbanes/ActionBar-PullToRefresh,3717,5.0,2.0,1.0
ferredoxin/QNotified,35481,4.0,1.0,0.0
nicolasgramlich/AndEngine,33585,2.0,1.0,1.0
java8/Java8InAction,3724,1.0,1.0,0.0
yangfuhai/afinal,6971,2.0,1.0,0.0
crazyandcoder/citypicker,6571,2.0,1.0,0.0
eclipse-openj9/openj9,651170,2.0,1.0,0.0
apache/logging-log4j2,166494,4.0,1.0,1.0
apache/incubator-kie-optaplanner,157529,5.5,1.0,1.0
helidon-io/helidon,300448,4.0,1.0,1.0
danylovolokh/VideoPlayerManager,4228,3.0,1.0,0.0
LinShunKang/MyPerf4J,10326,2.0,1.0,0.0
apache/linkis,92635,3.0,1.0,1.0
airbnb/native-navigation,4473,3.0,1.0,0.0
hongyangAndroid/Highlight,964,2.0,1.0,0.0
kubernetes-client/java,1774858,5.0,1.0,4.0
requery/requery,23679,3.0,1.0,0.0
hitherejoe/animate,1706,6.0,2.0,1.0
mxdldev/android-mvp-mvvm-flytour,21364,1.0,1.0,0.0
lukas-krecan/ShedLock,9559,4.0,2.0,0.0
yipianfengye/android-adDialog,1607,2.5,1.0,0.0
AxonFramework/AxonFramework,129098,4.0,1.0,0.0
fabric8io/kubernetes-client,266446,28.0,1.0,31.0
cSploit/android,22657,2.0,1.0,0.0
mplushnikov/lombok-intellij-plugin,37084,2.0,1.0,0.0
zhou-you/RxEasyHttp,11670,3.0,1.0,0.0
lihangleo2/ShadowLayout,2076,4.0,1.0,1.0
microservices-patterns/ftgo-application,6868,3.0,1.0,0.0
coderbruis/JavaSourceCodeLearning,6045,2.0,1.0,0.0
mbechler/marshalsec,2207,6.0,1.0,1.0
zaaach/CityPicker,1295,2.0,1.0,0.0
Marswin/MarsDaemon,1010,2.0,1.0,0.0
yidongnan/grpc-spring-boot-starter,8708,6.0,1.0,0.0
florent37/ShapeOfView,2078,3.0,2.0,1.0
wix/react-native-notifications,1567,4.0,1.0,1.0
evrencoskun/TableView,5170,4.0,1.0,1.0
guolindev/booksource,4992,2.0,1.0,0.0
zhkl0228/unidbg,88419,4.0,1.0,0.0
yangchong211/YCAppTool,213620,3.0,1.0,0.0
mmin18/RealtimeBlurView,676,4.0,1.0,0.0
KeepSafe/ReLinker,1224,2.0,1.0,0.0
gabrielemariotti/RecyclerViewItemAnimators,2088,3.0,1.0,1.0
zwwill/yanxuan-weex-demo,15894,0.0,1.0,0.0
sofastack/sofa-jarslink,948,3.0,1.0,0.0
Netflix/concurrency-limits,4387,3.0,1.0,1.0
JackyAndroid/AndroidChromium,139119,2.0,1.0,0.0
xmuSistone/ViewpagerTransition,588,2.0,2.0,0.0
yarolegovich/SlidingRootNav,971,3.0,1.0,0.0
yacy/yacy_search_server,147613,4.0,1.0,0.0
KeepSafe/dexcount-gradle-plugin,2472,3.0,1.0,1.0
fesh0r/fernflower,53832,1.0,1.0,0.0
WinterChenS/my-site,4036,3.0,1.0,1.0
jgilfelt/android-viewbadger,563,2.0,1.0,0.0
Tencent/spring-cloud-tencent,13856,5.0,1.0,0.0
ZieIony/Carbon,38604,3.0,1.0,1.0
OpenHFT/Chronicle-Queue,27590,4.0,1.0,0.0
00-Evan/shattered-pixel-dungeon,127488,4.0,2.0,1.0
rom1v/sndcpy,214,4.5,2.0,0.0
keyboardsurfer/Crouton,1454,5.0,1.0,1.0
szerhusenBC/jwt-spring-security-demo,549,4.0,1.0,0.0
yusugomori/DeepLearning,1083,4.0,1.0,0.0
dmytrodanylyk/android-process-button,941,4.5,2.0,1.0
tchiotludo/akhq,16267,6.0,1.0,0.0
jd-alexander/LikeButton,781,4.5,1.0,1.0
yui/yuicompressor,6075,2.0,1.0,8.0
CrawlScript/WebCollector,4605,3.0,1.0,1.0
bastillion-io/Bastillion,5129,4.0,1.0,3.0
googlesamples/mlkit,9181,5.0,1.0,0.0
apache/curator,47934,3.0,1.0,0.0
pedrovgs/DraggablePanel,1975,4.0,1.0,1.0
JackyAndroid/AndroidTVLauncher,1086,4.0,1.0,0.0
halirutan/IntelliJ-Key-Promoter-X,1124,5.0,1.0,0.0
facebookarchive/react-native-fbsdk,1241,5.5,2.0,1.0
ltsopensource/light-task-scheduler,45904,3.0,1.0,0.0
wenbochang888/house,126,4.0,1.0,0.0
lovetuzitong/MultiImageSelector,1425,3.0,1.0,0.0
oblador/react-native-keychain,2483,4.0,1.0,1.0
jasonross/Nuwa,130,3.5,1.0,0.0
bytedance/ByteX,19647,4.0,1.0,1.0
googlesamples/google-services,1078,3.0,1.5,0.0
stephanenicolas/robospice,14836,4.0,2.0,0.5
bmelnychuk/AndroidTreeView,2145,4.0,1.0,0.0
bethrobson/Head-First-Design-Patterns,9734,1.0,1.0,0.0
PlexPt/chatgpt-java,633,3.0,1.0,0.0
